{"cylinderList":[],"boxList":[{"pos":{"x":-22.399999618530275,"y":23.200000762939454,"z":-28.600000381469728},"length":39.29999923706055,"width":55.900001525878909,"height":10.0},{"pos":{"x":21.600000381469728,"y":23.200000762939454,"z":-28.200000762939454},"length":39.29999923706055,"width":58.5,"height":10.0},{"pos":{"x":-22.399999618530275,"y":23.200000762939454,"z":-76.69999694824219},"length":39.29999923706055,"width":34.41999816894531,"height":10.0},{"pos":{"x":21.600000381469728,"y":23.200000762939454,"z":-76.69999694824219},"length":39.29999923706055,"width":34.41999816894531,"height":10.0}],"ballList":[]}