{"Born1":{"position":[-0.25,0.0,3.21000003814697],"rotation":[0.0,0.0,0.0,-1.0]},"Boss1":{"position":[234.919998168945,0.0,184.809997558594],"rotation":[0.0,0.704722702503204,0.0,-0.709482848644257]},"Npc9":{"position":[135.300003051758,0.0,198.199996948242],"rotation":[0.0,0.0159879643470049,0.0,-0.999872207641602]},"Npc10":{"position":[193.800003051758,0.0,180.800003051758],"rotation":[0.0,0.0159879643470049,0.0,-0.999872207641602]},"Npc8":{"position":[114.699996948242,0.0,177.300003051758],"rotation":[0.0,0.649949967861176,0.0,-0.759976983070374]},"Npc7":{"position":[71.0,0.0,187.699996948242],"rotation":[0.0,0.649949967861176,0.0,-0.759976983070374]},"Npc6":{"position":[10.8000001907349,0.0,186.899993896484],"rotation":[0.0,0.87915426492691,0.0,0.47653728723526]},"Npc5":{"position":[5.90000009536743,0.0,157.800003051758],"rotation":[0.0,0.992506682872772,0.0,0.122190453112125]},"Npc4":{"position":[10.6000003814697,0.0,122.199996948242],"rotation":[0.0,0.912233233451843,0.0,-0.409671425819397]},"Npc3":{"position":[-1.20000004768372,0.0,86.3000030517578],"rotation":[0.0,1.0,0.0,0.0]},"Npc2":{"position":[8.60000038146973,0.0,45.5999984741211],"rotation":[0.0,0.872219085693359,0.0,-0.489115476608276]},"Npc1":{"position":[-0.0700000002980232,0.0,20.7000007629395],"rotation":[0.0,1.0,0.0,0.0]},"Picture1":{"position":[0.800000011920929,0.0,32.9000015258789],"rotation":[0.0,0.0,0.0,-1.0]},"Picture2":{"position":[1.20000004768372,0.0,44.0999984741211],"rotation":[0.0,0.0,0.0,-1.0]},"Picture3":{"position":[1.0,0.0,64.0],"rotation":[0.0,0.0,0.0,-1.0]},"Picture4":{"position":[0.0,0.0,83.1999969482422],"rotation":[0.0,0.0,0.0,-1.0]},"Picture5":{"position":[6.30000019073486,0.0,100.800003051758],"rotation":[0.0,0.0,0.0,-1.0]},"Picture6":{"position":[1.60000002384186,0.0,118.099998474121],"rotation":[0.0,0.0,0.0,-1.0]},"Picture7":{"position":[-2.20000004768372,0.0,135.100006103516],"rotation":[0.0,0.0,0.0,-1.0]},"Picture8":{"position":[8.39999961853027,0.0,144.699996948242],"rotation":[0.0,0.0,0.0,-1.0]},"Picture9":{"position":[-0.699999988079071,0.0,166.199996948242],"rotation":[0.0,0.0,0.0,-1.0]},"Picture10":{"position":[2.59999990463257,0.0,185.100006103516],"rotation":[0.0,0.0,0.0,-1.0]},"Picture11":{"position":[29.6000003814697,0.0,184.899993896484],"rotation":[0.0,0.0,0.0,-1.0]},"Picture12":{"position":[53.9000015258789,0.0,187.0],"rotation":[0.0,0.0,0.0,-1.0]},"Picture13":{"position":[84.5,0.0,193.600006103516],"rotation":[0.0,0.0,0.0,-1.0]},"Picture14":{"position":[109.400001525879,0.0,185.0],"rotation":[0.0,0.0,0.0,-1.0]},"Picture15":{"position":[129.100006103516,0.0,191.300003051758],"rotation":[0.0,0.0,0.0,-1.0]},"Picture16":{"position":[152.399993896484,0.0,182.800003051758],"rotation":[0.0,0.0,0.0,-1.0]},"Picture17":{"position":[165.0,0.0,195.0],"rotation":[0.0,0.0,0.0,-1.0]},"Picture18":{"position":[168.289978027344,0.0,194.700012207031],"rotation":[0.0,0.0,0.0,-1.0]},"Chest1":{"position":[16.6000003814697,0.0,112.800003051758],"rotation":[0.0,1.0,0.0,0.0]},"Chest2":{"position":[-2.99000000953674,0.0,177.979995727539],"rotation":[0.0,1.0,0.0,0.0]},"Chest3":{"position":[37.5400009155273,0.0,197.5],"rotation":[0.0,1.0,0.0,0.0]},"Chest4":{"position":[75.9000015258789,0.0,200.699996948242],"rotation":[0.0,1.0,0.0,0.0]},"Chest5":{"position":[210.5,0.0,204.899993896484],"rotation":[0.0,1.0,0.0,0.0]}}