{"Born1":{"position":[-0.25,0.0,3.21000003814697],"rotation":[0.0,0.0,0.0,-1.0]},"Boss1":{"position":[-32.0,0.0,128.800003051758],"rotation":[0.0,0.942241847515106,0.0,0.334933280944824]},"Npc9":{"position":[-27.2999992370605,0.0,170.100006103516],"rotation":[0.0,0.0159879643470049,0.0,-0.999872207641602]},"Npc10":{"position":[-60.0,0.0,149.800003051758],"rotation":[0.0,-0.906467258930206,0.0,-0.422276169061661]},"Npc8":{"position":[16.8999996185303,0.0,165.800003051758],"rotation":[0.0,0.892178952693939,0.0,0.451682150363922]},"Npc7":{"position":[45.4000015258789,0.0,128.199996948242],"rotation":[0.0,0.649949967861176,0.0,-0.759976983070374]},"Npc6":{"position":[-3.40000009536743,0.0,93.5],"rotation":[0.0,0.971778631210327,0.0,-0.235894769430161]},"Npc5":{"position":[-54.4000015258789,0.0,76.5999984741211],"rotation":[0.0,0.992506682872772,0.0,0.122190453112125]},"Npc4":{"position":[-9.89999961853027,0.0,50.2000007629395],"rotation":[0.0,0.9660364985466,0.0,0.258405804634094]},"Npc3":{"position":[46.5,0.0,64.5],"rotation":[0.0,1.0,0.0,0.0]},"Npc2":{"position":[50.2000007629395,0.0,28.8999996185303],"rotation":[0.0,0.872219085693359,0.0,-0.489115476608276]},"Npc1":{"position":[10.1000003814697,0.0,16.3999996185303],"rotation":[0.0,1.0,0.0,0.0]},"Picture1":{"position":[2.5,0.0,17.7999992370605],"rotation":[0.0,0.0,0.0,-1.0]},"Picture2":{"position":[1.34000396728516,0.0,20.569995880127],"rotation":[0.0,0.0,0.0,-1.0]},"Picture3":{"position":[64.1999969482422,0.0,28.2999992370605],"rotation":[0.0,0.0,0.0,-1.0]},"Picture4":{"position":[63.5999984741211,0.0,30.7000026702881],"rotation":[0.0,0.0,0.0,-1.0]},"Picture5":{"position":[62.4999961853027,0.0,28.9999961853027],"rotation":[0.0,0.0,0.0,-1.0]},"Picture6":{"position":[36.4000015258789,0.0,64.5],"rotation":[0.0,0.0,0.0,-1.0]},"Picture7":{"position":[37.5000076293945,0.0,65.5],"rotation":[0.0,0.0,0.0,-1.0]},"Picture8":{"position":[34.9000015258789,0.0,63.1999969482422],"rotation":[0.0,0.0,0.0,-1.0]},"Picture9":{"position":[37.7000045776367,0.0,61.1999969482422],"rotation":[0.0,0.0,0.0,-1.0]},"Picture10":{"position":[-4.0,0.0,48.5999984741211],"rotation":[0.0,0.0,0.0,-1.0]},"Picture11":{"position":[-2.60000228881836,0.0,51.1999969482422],"rotation":[0.0,0.0,0.0,-1.0]},"Picture12":{"position":[0.240005493164063,0.0,50.129997253418],"rotation":[0.0,0.0,0.0,-1.0]},"Picture13":{"position":[-25.7999992370605,0.0,58.5],"rotation":[0.0,0.0,0.0,-1.0]},"Picture14":{"position":[-24.2999992370605,0.0,54.1000061035156],"rotation":[0.0,0.0,0.0,-1.0]},"Picture15":{"position":[-51.3199996948242,0.0,68.9500045776367],"rotation":[0.0,0.0,0.0,-1.0]},"Picture16":{"position":[-51.0,0.0,66.3000030517578],"rotation":[0.0,0.0,0.0,-1.0]},"Picture17":{"position":[-14.5,0.0,89.6999969482422],"rotation":[0.0,0.0,0.0,-1.0]},"Picture18":{"position":[-11.2100105285645,0.0,89.4000015258789],"rotation":[0.0,0.0,0.0,-1.0]},"Picture19":{"position":[-13.4000129699707,0.0,86.2000045776367],"rotation":[0.0,0.0,0.0,-1.0]},"Picture20":{"position":[-11.1000022888184,0.0,86.8000106811523],"rotation":[0.0,0.0,0.0,-1.0]},"Picture21":{"position":[10.3999996185303,0.0,108.599998474121],"rotation":[0.0,0.0,0.0,-1.0]},"Picture22":{"position":[9.50000381469727,0.0,111.499992370605],"rotation":[0.0,0.0,0.0,-1.0]},"Picture23":{"position":[12.7000007629395,0.0,109.499992370605],"rotation":[0.0,0.0,0.0,-1.0]},"Picture24":{"position":[12.8600044250488,0.0,115.31999206543],"rotation":[0.0,0.0,0.0,-1.0]},"Picture25":{"position":[11.6600036621094,0.0,113.119995117188],"rotation":[0.0,0.0,0.0,-1.0]},"Picture26":{"position":[42.7999992370605,0.0,131.5],"rotation":[0.0,0.0,0.0,-1.0]},"Picture27":{"position":[41.1299934387207,0.0,126.660003662109],"rotation":[0.0,0.0,0.0,-1.0]},"Picture28":{"position":[43.129997253418,0.0,128.160003662109],"rotation":[0.0,0.0,0.0,-1.0]},"Picture29":{"position":[39.5,0.0,129.740005493164],"rotation":[0.0,0.0,0.0,-1.0]},"Picture30":{"position":[38.1699981689453,0.0,127.059997558594],"rotation":[0.0,0.0,0.0,-1.0]},"Picture31":{"position":[65.5999984741211,0.0,167.300003051758],"rotation":[0.0,0.0,0.0,-1.0]},"Picture32":{"position":[67.7000122070313,0.0,170.300003051758],"rotation":[0.0,0.0,0.0,-1.0]},"Picture33":{"position":[69.2000122070313,0.0,167.399993896484],"rotation":[0.0,0.0,0.0,-1.0]},"Picture34":{"position":[69.4000091552734,0.0,164.199996948242],"rotation":[0.0,0.0,0.0,-1.0]},"Picture35":{"position":[71.8999938964844,0.0,165.899993896484],"rotation":[0.0,0.0,0.0,-1.0]},"Picture36":{"position":[27.3999996185303,0.0,171.5],"rotation":[0.0,0.0,0.0,-1.0]},"Picture37":{"position":[28.5000019073486,0.0,167.300003051758],"rotation":[0.0,0.0,0.0,-1.0]},"Picture38":{"position":[-33.7999992370605,0.0,179.600006103516],"rotation":[0.0,0.0,0.0,-1.0]},"Picture39":{"position":[-33.3999977111816,0.0,183.77001953125],"rotation":[0.0,0.0,0.0,-1.0]},"Picture40":{"position":[-27.060001373291,0.0,181.660003662109],"rotation":[0.0,0.0,0.0,-1.0]},"Chest1":{"position":[7.5,0.0,24.0],"rotation":[0.0,1.0,0.0,0.0]},"Chest2":{"position":[-18.8999996185303,0.0,67.6999969482422],"rotation":[0.0,1.0,0.0,0.0]},"Chest3":{"position":[1.29999995231628,0.0,112.199996948242],"rotation":[0.0,1.0,0.0,0.0]},"Chest4":{"position":[74.5,0.0,177.399993896484],"rotation":[0.0,1.0,0.0,0.0]},"Chest5":{"position":[-56.0800018310547,0.0,141.399993896484],"rotation":[0.0,1.0,0.0,0.0]}}