{"Born1":{"position":[13.1000003814697,0.0,-0.150000005960464],"rotation":[0.0,0.0,0.0,-1.0]},"Boss1":{"position":[14.8900003433228,0.0,167.380004882813],"rotation":[0.0,0.989794075489044,0.0,0.142504930496216]},"Npc7":{"position":[107.735237121582,0.0,106.332649230957],"rotation":[0.0,0.923036217689514,0.0,-0.384713053703308]},"Npc6":{"position":[64.8000030517578,0.0,90.3000030517578],"rotation":[0.0,0.976966381072998,0.0,0.213393241167068]},"Npc5":{"position":[98.6999969482422,0.0,73.0999984741211],"rotation":[0.0,0.853851020336151,0.0,-0.520517468452454]},"Npc4":{"position":[93.1999969482422,0.0,54.2000007629395],"rotation":[0.0,0.912233233451843,0.0,-0.409671425819397]},"Npc3":{"position":[56.2999992370605,0.0,60.0999984741211],"rotation":[0.0,1.0,0.0,0.0]},"Npc2":{"position":[19.6000003814697,0.0,48.7000007629395],"rotation":[0.0,0.872219085693359,0.0,-0.489115476608276]},"Npc1":{"position":[7.59999990463257,0.0,9.90999984741211],"rotation":[0.0,1.0,0.0,0.0]},"Npc8":{"position":[106.800003051758,0.0,152.899993896484],"rotation":[0.0,0.923036217689514,0.0,-0.384713053703308]},"Npc9":{"position":[80.3000030517578,0.0,155.199996948242],"rotation":[0.0,0.899529337882996,0.0,0.436860322952271]},"Npc10":{"position":[39.9000015258789,0.0,162.600006103516],"rotation":[0.0,0.918214619159698,0.0,0.396083235740662]},"Picture1":{"position":[12.8999996185303,0.0,19.6000003814697],"rotation":[0.0,0.0,0.0,-1.0]},"Picture2":{"position":[15.3999996185303,0.0,47.0999984741211],"rotation":[0.0,0.0,0.0,-1.0]},"Picture3":{"position":[55.7000007629395,0.0,57.2999992370605],"rotation":[0.0,0.0,0.0,-1.0]},"Picture4":{"position":[81.5,0.0,53.4000015258789],"rotation":[0.0,0.0,0.0,-1.0]},"Picture5":{"position":[73.6999969482422,0.0,70.8000030517578],"rotation":[0.0,0.0,0.0,-1.0]},"Picture6":{"position":[58.0999984741211,0.0,83.4000015258789],"rotation":[0.0,0.0,0.0,-1.0]},"Picture7":{"position":[77.1999969482422,0.0,84.8000030517578],"rotation":[0.0,0.0,0.0,-1.0]},"Picture8":{"position":[93.0,0.0,91.0],"rotation":[0.0,0.0,0.0,-1.0]},"Picture9":{"position":[103.399993896484,0.0,97.2999954223633],"rotation":[0.0,0.0,0.0,-1.0]},"Picture10":{"position":[90.0,0.0,154.899993896484],"rotation":[0.0,0.0,0.0,-1.0]},"Picture11":{"position":[91.4000015258789,0.0,157.5],"rotation":[0.0,0.0,0.0,-1.0]},"Picture12":{"position":[94.2400054931641,0.0,156.429992675781],"rotation":[0.0,0.0,0.0,-1.0]},"Chest1":{"position":[17.1000003814697,0.0,60.0999984741211],"rotation":[0.0,1.0,0.0,0.0]},"Chest2":{"position":[112.0,0.0,47.7999992370605],"rotation":[0.0,1.0,0.0,0.0]},"Chest3":{"position":[67.1999969482422,0.0,98.5999984741211],"rotation":[0.0,1.0,0.0,0.0]},"Chest4":{"position":[113.540000915527,0.0,163.259994506836],"rotation":[0.0,1.0,0.0,0.0]},"Chest5":{"position":[7.5,0.0,149.380004882813],"rotation":[0.0,1.0,0.0,0.0]}}