{"Boss1":{"position":[45.7000007629395,0.0,77.0999984741211],"rotation":[0.0,0.899000525474548,0.0,-0.437947481870651]},"Born1":{"position":[35.4300003051758,0.0,-2.41000008583069],"rotation":[0.0,0.0,0.0,-1.0]},"Picture1":{"position":[36.0200004577637,0.0,10.4200000762939],"rotation":[0.0,0.0,0.0,-1.0]},"Picture2":{"position":[25.8500003814697,0.0,16.3199996948242],"rotation":[0.0,0.0,0.0,-1.0]},"Picture3":{"position":[25.6000003814697,0.0,26.1000003814697],"rotation":[0.0,0.0,0.0,-1.0]},"Picture4":{"position":[16.1000003814697,0.0,33.7999992370605],"rotation":[0.0,0.0,0.0,-1.0]},"Picture5":{"position":[2.29999995231628,0.0,42.9000015258789],"rotation":[0.0,0.0,0.0,-1.0]},"Picture6":{"position":[-10.1000003814697,0.0,49.0999984741211],"rotation":[0.0,0.0,0.0,-1.0]},"Picture7":{"position":[-10.3999996185303,0.0,60.4000015258789],"rotation":[0.0,0.0,0.0,-1.0]},"Picture8":{"position":[2.90000009536743,0.0,73.6399993896484],"rotation":[0.0,0.0,0.0,-1.0]},"Picture9":{"position":[20.7800006866455,0.0,77.8000030517578],"rotation":[0.0,0.0,0.0,-1.0]},"Npc1":{"position":[34.9000015258789,0.0,3.03999996185303],"rotation":[0.0,1.0,0.0,0.0]},"Npc2":{"position":[29.7999992370605,0.0,9.60000038146973],"rotation":[0.0,0.980281054973602,0.0,0.197608396410942]},"Npc3":{"position":[21.2999992370605,0.0,29.2999992370605],"rotation":[0.0,0.898302853107452,0.0,0.439377009868622]},"Npc4":{"position":[9.19999980926514,0.0,39.7999992370605],"rotation":[0.0,0.898302853107452,0.0,0.439377009868622]},"Npc5":{"position":[1.77999997138977,0.0,50.1300010681152],"rotation":[0.0,0.89382266998291,0.0,-0.448420733213425]},"Npc6":{"position":[-17.7700004577637,0.0,57.6599998474121],"rotation":[0.0,0.943910777568817,0.0,0.330200642347336]},"Npc7":{"position":[-4.69000005722046,0.0,74.1100006103516],"rotation":[0.0,0.997233629226685,0.0,0.0743318423628807]},"Chest1":{"position":[-8.80000019073486,0.0,65.8000030517578],"rotation":[0.0,1.0,0.0,0.0]}}