{"metadata":{"formatVersion":3.1,"sourceFile":"Scene4.obj","generatedBy":"OBJConverter","vertices":354,"faces":162,"normals":0,"colors":0,"uvs":0,"materials":0},"scale":1.000000,"materials":[{"DbgColor":15658734,"DbgIndex":0,"DbgName":"default"}],"vertices":[107.833300,0.057026,0.000000,107.333300,0.057026,-0.833332,114.500000,0.057026,-0.833332,114.500000,0.057026,0.000000,114.500000,0.057026,-8.166666,114.500000,0.057026,-0.833332,107.333300,0.057026,-0.833332,107.333300,0.057026,-0.833332,91.333330,0.057026,-0.833332,85.333330,0.057026,-8.166666,114.500000,0.057026,-8.166666,91.333330,0.057026,-0.833332,90.833330,0.057026,0.000000,85.333330,0.057026,0.000000,85.333330,0.057026,-8.166666,114.500000,0.057026,14.500000,107.333300,0.057026,14.500000,107.833300,0.057026,14.000000,107.833300,0.057026,14.000000,107.833300,0.057026,0.000000,114.500000,0.057026,0.000000,114.500000,0.057026,14.500000,85.333330,0.057026,42.666670,91.333330,0.057026,40.833340,107.000000,0.057026,40.833340,114.500000,0.057026,42.666670,107.000000,0.057026,40.833340,114.500000,0.057026,40.833340,114.500000,0.057026,42.666670,90.833330,0.057026,14.000000,91.333330,0.057026,14.500000,91.166660,0.057026,25.500000,90.666660,0.057026,26.000000,107.333300,0.057026,25.500000,91.166660,0.057026,25.500000,91.333330,0.057026,14.500000,107.333300,0.057026,14.500000,107.333300,0.057026,14.500000,114.500000,0.057026,14.500000,114.500000,0.057026,25.500000,107.333300,0.057026,25.500000,107.666700,0.057026,25.833330,107.333300,0.057026,25.500000,114.500000,0.057026,25.500000,114.500000,0.057026,40.833340,107.000000,0.057026,40.833340,107.666700,0.057026,40.333340,107.666700,0.057026,40.333340,107.666700,0.057026,25.833330,114.500000,0.057026,25.500000,114.500000,0.057026,40.833340,90.666660,0.057026,40.166670,91.333330,0.057026,40.833340,85.333330,0.057026,42.666670,85.333330,0.057026,0.000000,90.833330,0.057026,0.000000,90.833330,0.057026,14.000000,90.666660,0.057026,26.000000,85.333330,0.057026,42.666670,90.666660,0.057026,26.000000,90.666660,0.057026,40.166670,85.333330,0.057026,42.666670,94.500000,0.057026,54.166670,94.500000,0.057026,65.333340,85.333330,0.057026,65.333340,85.333330,0.057026,42.666670,114.500000,0.057026,42.666670,114.500000,0.057026,53.833340,94.833330,0.057026,53.833340,85.333330,0.057026,42.666670,94.833330,0.057026,53.833340,94.500000,0.057026,54.166670,85.333330,0.057026,42.666670,116.333300,0.057026,79.500000,116.333300,0.057026,74.833340,125.333300,0.057026,74.833340,116.333300,0.057026,79.500000,125.333300,0.057026,74.833340,125.333300,0.057026,85.333340,115.833300,0.057026,80.000000,85.333330,0.057026,85.333340,85.333330,0.057026,80.166670,115.000000,0.057026,80.166670,125.333300,0.057026,85.333340,115.000000,0.057026,80.166670,115.833300,0.057026,80.000000,125.333300,0.057026,85.333340,85.333330,0.057026,86.666670,85.333330,0.057026,85.333340,125.333300,0.057026,85.333340,125.333300,0.057026,86.666670,85.333340,0.057026,-8.166666,85.333340,0.057026,0.000000,42.666670,0.057026,0.000000,42.666670,0.057026,-8.166666,85.333340,0.057026,42.666670,42.666670,0.057026,42.666670,63.000000,0.057026,37.000000,81.833340,0.057026,37.000000,54.833340,0.057026,6.166667,42.666670,0.057026,6.166667,42.666670,0.057026,0.000000,63.000000,0.057026,6.166667,54.833340,0.057026,6.166667,42.666670,0.057026,0.000000,63.000000,0.057026,6.166667,42.666670,0.057026,0.000000,85.333340,0.057026,0.000000,81.666670,0.057026,6.166667,82.500000,0.057026,7.000000,81.666670,0.057026,6.166667,85.333340,0.057026,0.000000,42.666670,0.057026,42.666670,55.000000,0.057026,37.000000,63.000000,0.057026,37.000000,42.666670,0.057026,42.666670,42.666670,0.057026,37.000000,55.000000,0.057026,37.000000,62.333340,0.057026,36.333340,63.000000,0.057026,37.000000,55.000000,0.057026,37.000000,55.500000,0.057026,36.333340,55.500000,0.057026,36.333340,55.500000,0.057026,6.833333,62.333340,0.057026,7.000000,62.333340,0.057026,36.333340,55.500000,0.057026,6.833333,54.833340,0.057026,6.166667,63.000000,0.057026,6.166667,62.333340,0.057026,7.000000,85.333340,0.057026,42.666670,81.833340,0.057026,37.000000,82.500000,0.057026,36.166670,85.333340,0.057026,42.666670,82.500000,0.057026,36.166670,82.500000,0.057026,7.000000,85.333340,0.057026,0.000000,85.333340,0.057026,65.333340,75.500000,0.057026,65.333340,75.500000,0.057026,47.166670,85.333340,0.057026,42.666670,85.333340,0.057026,85.333340,42.666670,0.057026,85.333340,42.666670,0.057026,80.166670,85.333340,0.057026,80.166670,74.666670,0.057026,46.500000,45.500000,0.057026,46.500000,42.666670,0.057026,42.666670,85.333340,0.057026,42.666670,75.500000,0.057026,47.166670,74.666670,0.057026,46.500000,85.333340,0.057026,42.666670,42.666670,0.057026,42.666670,45.500000,0.057026,46.500000,44.666670,0.057026,47.166670,44.666670,0.057026,47.166670,44.666670,0.057026,65.333340,42.666670,0.057026,65.333340,42.666670,0.057026,42.666670,85.333340,0.057026,86.666670,42.666670,0.057026,86.666670,42.666670,0.057026,85.333340,85.333340,0.057026,85.333340,1.333332,0.057026,-2.166666,0.000000,0.057026,-2.166666,0.000000,0.057026,-8.166666,1.833332,0.057026,-1.666666,1.333332,0.057026,-2.166666,0.000000,0.057026,-8.166666,42.666670,0.057026,-8.166666,42.666670,0.057026,0.000000,42.666670,0.057026,0.000000,1.833332,0.057026,0.000000,1.833332,0.057026,-1.666666,42.666670,0.057026,0.000000,42.666670,0.057026,6.166667,36.166670,0.057026,6.166667,36.166670,0.057026,6.166667,35.333340,0.057026,7.166667,27.166670,0.057026,7.166667,11.166670,0.057026,7.166667,1.833332,0.057026,7.166667,1.833332,0.057026,0.000000,42.666670,0.057026,0.000000,36.166670,0.057026,6.166667,27.166670,0.057026,7.166667,11.166670,0.057026,7.166667,1.833332,0.057026,0.000000,35.333340,0.057026,22.500000,27.166670,0.057026,22.500000,27.666670,0.057026,22.000000,27.666670,0.057026,7.666667,27.166670,0.057026,7.166667,35.333340,0.057026,7.166667,35.333340,0.057026,22.500000,27.666670,0.057026,22.000000,27.666670,0.057026,7.666667,35.333340,0.057026,7.166667,10.666670,0.057026,22.000000,11.166670,0.057026,22.500000,3.833332,0.057026,22.500000,10.666670,0.057026,22.000000,3.833332,0.057026,22.500000,3.333332,0.057026,21.666670,1.833332,0.057026,12.666670,1.833332,0.057026,7.166667,10.666670,0.057026,7.666667,0.000000,0.057026,21.666670,0.000000,0.057026,13.166670,1.333332,0.057026,13.166670,3.333332,0.057026,21.666670,0.000000,0.057026,21.666670,1.333332,0.057026,13.166670,1.833332,0.057026,12.666670,1.833332,0.057026,7.166667,11.166670,0.057026,7.166667,10.666670,0.057026,7.666667,11.000000,0.057026,28.500000,3.833332,0.057026,28.500000,3.833332,0.057026,22.500000,11.166670,0.057026,22.500000,27.166670,0.057026,28.500000,11.000000,0.057026,28.500000,11.166670,0.057026,22.500000,27.166670,0.057026,22.500000,27.166670,0.057026,22.500000,35.333340,0.057026,22.500000,35.333340,0.057026,28.500000,27.166670,0.057026,28.500000,27.666670,0.057026,29.000000,27.166670,0.057026,28.500000,35.333340,0.057026,28.500000,36.000000,0.057026,37.000000,42.666670,0.057026,37.000000,42.666670,0.057026,42.666670,27.666670,0.057026,42.666670,27.666670,0.057026,29.000000,35.333340,0.057026,28.500000,35.500000,0.057026,36.500000,27.666670,0.057026,42.666670,35.500000,0.057026,36.500000,36.000000,0.057026,37.000000,27.666670,0.057026,42.666670,3.833332,0.057026,28.500000,11.000000,0.057026,28.500000,10.666670,0.057026,28.833330,3.833332,0.057026,34.000000,3.333332,0.057026,34.500000,3.833332,0.057026,34.000000,10.666670,0.057026,28.833330,10.666670,0.057026,42.666670,0.000000,0.057026,42.666670,0.000000,0.057026,42.666670,0.000000,0.057026,34.500000,3.333332,0.057026,34.500000,42.666670,0.057026,85.333340,0.000000,0.057026,85.333340,0.000000,0.057026,80.166670,42.666670,0.057026,80.166670,19.666670,0.057026,51.500000,19.666670,0.057026,65.333340,10.333330,0.057026,65.333340,10.333330,0.057026,51.000000,20.166670,0.057026,51.000000,27.000000,0.057026,43.833340,27.666670,0.057026,43.333340,36.333340,0.057026,51.000000,10.666670,0.057026,42.666670,10.666670,