{"Born1":{"position":[-0.25,0.0,-16.7999992370605],"rotation":[0.0,0.0,0.0,-1.0]},"Boss1":{"position":[89.5,0.0,-9.5],"rotation":[0.0,0.989794075489044,0.0,0.142504930496216]},"Npc9":{"position":[94.5,0.0,65.8000030517578],"rotation":[0.0,0.0159879643470049,0.0,-0.999872207641602]},"Npc10":{"position":[91.0999984741211,0.0,17.0],"rotation":[0.0,0.0159879643470049,0.0,-0.999872207641602]},"Npc8":{"position":[80.0,0.0,101.599998474121],"rotation":[0.0,0.649949967861176,0.0,-0.759976983070374]},"Npc7":{"position":[21.0,0.0,100.199996948242],"rotation":[0.0,0.649949967861176,0.0,-0.759976983070374]},"Npc6":{"position":[-18.3999996185303,0.0,80.4000015258789],"rotation":[0.0,0.87915426492691,0.0,0.47653728723526]},"Npc5":{"position":[-0.100000001490116,0.0,65.5],"rotation":[0.0,0.992506682872772,0.0,0.122190453112125]},"Npc4":{"position":[14.5,0.0,23.3999996185303],"rotation":[0.0,0.912233233451843,0.0,-0.409671425819397]},"Npc3":{"position":[-17.5,0.0,18.1000003814697],"rotation":[0.0,1.0,0.0,0.0]},"Npc2":{"position":[26.8799991607666,0.0,4.80999994277954],"rotation":[0.0,0.872219085693359,0.0,-0.489115476608276]},"Npc1":{"position":[-0.0700000002980232,0.0,-1.00999999046326],"rotation":[0.0,1.0,0.0,0.0]},"Picture1":{"position":[7.0,0.0,-5.5],"rotation":[0.0,0.0,0.0,-1.0]},"Picture2":{"position":[5.84000396728516,0.0,-2.72999954223633],"rotation":[0.0,0.0,0.0,-1.0]},"Picture3":{"position":[-7.30000019073486,0.0,13.6999998092651],"rotation":[0.0,0.0,0.0,-1.0]},"Picture4":{"position":[-7.90000057220459,0.0,16.0999984741211],"rotation":[0.0,0.0,0.0,-1.0]},"Picture5":{"position":[-9.00000095367432,0.0,14.399998664856],"rotation":[0.0,0.0,0.0,-1.0]},"Picture6":{"position":[5.09999990463257,0.0,31.0],"rotation":[0.0,0.0,0.0,-1.0]},"Picture7":{"position":[6.20000267028809,0.0,32.0],"rotation":[0.0,0.0,0.0,-1.0]},"Picture8":{"position":[3.60000228881836,0.0,29.7000007629395],"rotation":[0.0,0.0,0.0,-1.0]},"Picture9":{"position":[6.40000534057617,0.0,27.7000007629395],"rotation":[0.0,0.0,0.0,-1.0]},"Picture10":{"position":[-3.90000009536743,0.0,69.0999984741211],"rotation":[0.0,0.0,0.0,-1.0]},"Picture11":{"position":[-2.49999904632568,0.0,71.6999969482422],"rotation":[0.0,0.0,0.0,-1.0]},"Picture12":{"position":[0.340003967285156,0.0,70.629997253418],"rotation":[0.0,0.0,0.0,-1.0]},"Picture13":{"position":[-9.39999961853027,0.0,94.9000015258789],"rotation":[0.0,0.0,0.0,-1.0]},"Picture14":{"position":[-7.89999961853027,0.0,90.5000076293945],"rotation":[0.0,0.0,0.0,-1.0]},"Picture15":{"position":[9.60000038146973,0.0,100.599998474121],"rotation":[0.0,0.0,0.0,-1.0]},"Picture16":{"position":[9.92000007629395,0.0,97.9499969482422],"rotation":[0.0,0.0,0.0,-1.0]},"Picture17":{"position":[57.0999984741211,0.0,102.5],"rotation":[0.0,0.0,0.0,-1.0]},"Picture18":{"position":[60.3899841308594,0.0,102.199989318848],"rotation":[0.0,0.0,0.0,-1.0]},"Picture19":{"position":[58.1999816894531,0.0,98.9999923706055],"rotation":[0.0,0.0,0.0,-1.0]},"Picture20":{"position":[60.4999923706055,0.0,99.5999984741211],"rotation":[0.0,0.0,0.0,-1.0]},"Picture21":{"position":[89.0999984741211,0.0,101.099998474121],"rotation":[0.0,0.0,0.0,-1.0]},"Picture22":{"position":[88.2000045776367,0.0,103.999992370605],"rotation":[0.0,0.0,0.0,-1.0]},"Picture23":{"position":[91.4000015258789,0.0,101.999992370605],"rotation":[0.0,0.0,0.0,-1.0]},"Picture24":{"position":[91.5600051879883,0.0,107.81999206543],"rotation":[0.0,0.0,0.0,-1.0]},"Picture25":{"position":[90.3600006103516,0.0,105.619995117188],"rotation":[0.0,0.0,0.0,-1.0]},"Picture26":{"position":[95.6699981689453,0.0,75.640007019043],"rotation":[0.0,0.0,0.0,-1.0]},"Picture27":{"position":[94.0,0.0,70.8000030517578],"rotation":[0.0,0.0,0.0,-1.0]},"Picture28":{"position":[96.0,0.0,72.3000030517578],"rotation":[0.0,0.0,0.0,-1.0]},"Picture29":{"position":[92.370002746582,0.0,73.8800048828125],"rotation":[0.0,0.0,0.0,-1.0]},"Picture30":{"position":[91.0400009155273,0.0,71.2000045776367],"rotation":[0.0,0.0,0.0,-1.0]},"Picture31":{"position":[87.6999969482422,0.0,34.2999992370605],"rotation":[0.0,0.0,0.0,-1.0]},"Picture32":{"position":[89.8000106811523,0.0,37.2999954223633],"rotation":[0.0,0.0,0.0,-1.0]},"Picture33":{"position":[91.3000106811523,0.0,34.3999938964844],"rotation":[0.0,0.0,0.0,-1.0]},"Picture34":{"position":[91.5000076293945,0.0,31.1999969482422],"rotation":[0.0,0.0,0.0,-1.0]},"Picture35":{"position":[93.9999923706055,0.0,32.8999938964844],"rotation":[0.0,0.0,0.0,-1.0]},"Chest1":{"position":[18.7999992370605,0.0,15.8999996185303],"rotation":[0.0,1.0,0.0,0.0]},"Chest2":{"position":[1.60000002384186,0.0,93.0],"rotation":[0.0,1.0,0.0,0.0]},"Chest3":{"position":[93.8000030517578,0.0,95.6999969482422],"rotation":[0.0,1.0,0.0,0.0]},"Chest4":{"position":[99.1999969482422,0.0,27.0],"rotation":[0.0,1.0,0.0,0.0]}}