{"Boss1":{"position":[11.6000003814697,0.0,-19.2000007629395],"rotation":[0.0,0.989794075489044,0.0,0.142504930496216]},"Born1":{"position":[-47.3699989318848,0.0,-21.7999992370605],"rotation":[0.0,0.0,0.0,-1.0]},"Picture1":{"position":[-56.5999984741211,0.0,-5.69999980926514],"rotation":[0.0,0.0,0.0,-1.0]},"Picture2":{"position":[-60.0,0.0,9.80000019073486],"rotation":[0.0,0.0,0.0,-1.0]},"Picture3":{"position":[-64.8000030517578,0.0,34.5999984741211],"rotation":[0.0,0.0,0.0,-1.0]},"Picture4":{"position":[-64.5,0.0,38.0999984741211],"rotation":[0.0,0.0,0.0,-1.0]},"Picture5":{"position":[-60.7000007629395,0.0,44.5],"rotation":[0.0,0.0,0.0,-1.0]},"Picture6":{"position":[-62.3599967956543,0.0,47.9000015258789],"rotation":[0.0,0.0,0.0,-1.0]},"Picture7":{"position":[-57.7000007629395,0.0,65.4000015258789],"rotation":[0.0,0.0,0.0,-1.0]},"Picture8":{"position":[-54.9000015258789,0.0,64.0],"rotation":[0.0,0.0,0.0,-1.0]},"Picture9":{"position":[-52.0999984741211,0.0,62.0000038146973],"rotation":[0.0,0.0,0.0,-1.0]},"Picture10":{"position":[-69.3000030517578,0.0,76.3000030517578],"rotation":[0.0,0.0,0.0,-1.0]},"Picture11":{"position":[-67.9000015258789,0.0,78.9000015258789],"rotation":[0.0,0.0,0.0,-1.0]},"Picture12":{"position":[-65.0599975585938,0.0,77.8300018310547],"rotation":[0.0,0.0,0.0,-1.0]},"Picture13":{"position":[-42.2000007629395,0.0,80.3000030517578],"rotation":[0.0,0.0,0.0,-1.0]},"Picture14":{"position":[-40.7000007629395,0.0,75.9000091552734],"rotation":[0.0,0.0,0.0,-1.0]},"Picture15":{"position":[-24.7000007629395,0.0,69.6000061035156],"rotation":[0.0,0.0,0.0,-1.0]},"Picture16":{"position":[-24.3800010681152,0.0,66.9500045776367],"rotation":[0.0,0.0,0.0,-1.0]},"Picture17":{"position":[-0.100000001490116,0.0,64.0999984741211],"rotation":[0.0,0.0,0.0,-1.0]},"Picture18":{"position":[-2.09999847412109,0.0,61.9799957275391],"rotation":[0.0,0.0,0.0,-1.0]},"Picture19":{"position":[1.0,0.0,60.5999984741211],"rotation":[0.0,0.0,0.0,-1.0]},"Picture20":{"position":[1.10000002384186,0.0,26.8999996185303],"rotation":[0.0,0.0,0.0,-1.0]},"Picture21":{"position":[2.89999914169312,0.0,27.6000061035156],"rotation":[0.0,0.0,0.0,-1.0]},"Picture22":{"position":[1.99999952316284,0.0,30.5],"rotation":[0.0,0.0,0.0,-1.0]},"Picture23":{"position":[5.20000028610229,0.0,28.5],"rotation":[0.0,0.0,0.0,-1.0]},"Picture24":{"position":[5.3600001335144,0.0,34.3199996948242],"rotation":[0.0,0.0,0.0,-1.0]},"Picture25":{"position":[4.16000127792358,0.0,32.120002746582],"rotation":[0.0,0.0,0.0,-1.0]},"Picture26":{"position":[3.79999995231628,0.0,1.10000002384186],"rotation":[0.0,0.0,0.0,-1.0]},"Npc1":{"position":[-57.5800018310547,0.0,-12.7799997329712],"rotation":[0.0,0.975346446037292,0.0,0.220679298043251]},"Npc2":{"position":[-53.1399993896484,0.0,6.84999990463257],"rotation":[0.0,0.999682307243347,0.0,0.0252055674791336]},"Npc3":{"position":[-65.4000015258789,0.0,30.2000007629395],"rotation":[0.0,0.997045278549194,0.0,0.0768161341547966]},"Npc4":{"position":[-55.5,0.0,63.0],"rotation":[0.0,0.999930500984192,0.0,-0.0117948958650231]},"Npc5":{"position":[-28.8999996185303,0.0,71.4000015258789],"rotation":[0.0,0.89382266998291,0.0,-0.448420733213425]},"Npc6":{"position":[4.0,0.0,60.7999992370605],"rotation":[0.0,0.89382266998291,0.0,-0.448420733213425]},"Npc7":{"position":[3.70000004768372,0.0,18.3999996185303],"rotation":[0.0,0.3055320084095,0.0,-0.952181816101074]},"Chest1":{"position":[-70.0999984741211,0.0,44.5999984741211],"rotation":[0.0,1.0,0.0,0.0]},"Chest2":{"position":[-77.1999969482422,0.0,86.6999969482422],"rotation":[0.0,1.0,0.0,0.0]},"Chest3":{"position":[14.3000001907349,0.0,78.5999984741211],"rotation":[0.0,1.0,0.0,0.0]},"Chest4":{"position":[26.1000003814697,0.0,4.80000019073486],"rotation":[0.0,1.0,0.0,0.0]}}