{"Boss1":{"position":[-0.400000005960464,0.0,-9.19999980926514],"rotation":[0.0,0.989794075489044,0.0,0.142504930496216]},"Born1":{"position":[-46.9000015258789,0.0,-15.6000003814697],"rotation":[0.0,0.0,0.0,-1.0]},"Picture1":{"position":[-46.4000015258789,0.0,-1.5],"rotation":[0.0,0.0,0.0,-1.0]},"Picture2":{"position":[-45.9300003051758,0.0,1.74999976158142],"rotation":[0.0,0.0,0.0,-1.0]},"Picture3":{"position":[-59.0999984741211,0.0,9.19999980926514],"rotation":[0.0,0.0,0.0,-1.0]},"Picture4":{"position":[-58.7999954223633,0.0,12.6999998092651],"rotation":[0.0,0.0,0.0,-1.0]},"Picture5":{"position":[-63.2000007629395,0.0,24.7999992370605],"rotation":[0.0,0.0,0.0,-1.0]},"Picture6":{"position":[-60.3999977111816,0.0,28.2000007629395],"rotation":[0.0,0.0,0.0,-1.0]},"Picture7":{"position":[-50.5999984741211,0.0,39.2000007629395],"rotation":[0.0,0.0,0.0,-1.0]},"Picture8":{"position":[-47.7999992370605,0.0,37.8000030517578],"rotation":[0.0,0.0,0.0,-1.0]},"Picture9":{"position":[-50.5999984741211,0.0,50.2000007629395],"rotation":[0.0,0.0,0.0,-1.0]},"Picture10":{"position":[-37.2000007629395,0.0,57.2999992370605],"rotation":[0.0,0.0,0.0,-1.0]},"Picture11":{"position":[-13.3999996185303,0.0,62.0],"rotation":[0.0,0.0,0.0,-1.0]},"Picture12":{"position":[-10.5600004196167,0.0,60.9300003051758],"rotation":[0.0,0.0,0.0,-1.0]},"Picture13":{"position":[-2.20000004768372,0.0,57.0999984741211],"rotation":[0.0,0.0,0.0,-1.0]},"Picture14":{"position":[-0.699999928474426,0.0,52.7000045776367],"rotation":[0.0,0.0,0.0,-1.0]},"Picture15":{"position":[9.60000038146973,0.0,50.7999992370605],"rotation":[0.0,0.0,0.0,-1.0]},"Picture16":{"position":[9.92000007629395,0.0,48.1499977111816],"rotation":[0.0,0.0,0.0,-1.0]},"Picture17":{"position":[-2.29999995231628,0.0,35.0],"rotation":[0.0,0.0,0.0,-1.0]},"Picture18":{"position":[0.989999771118164,0.0,34.7000007629395],"rotation":[0.0,0.0,0.0,-1.0]},"Picture19":{"position":[-1.20000076293945,0.0,31.5],"rotation":[0.0,0.0,0.0,-1.0]},"Picture20":{"position":[-2.90000009536743,0.0,2.90000009536743],"rotation":[0.0,0.0,0.0,-1.0]},"Picture21":{"position":[-1.10000038146973,0.0,3.60000038146973],"rotation":[0.0,0.0,0.0,-1.0]},"Picture22":{"position":[-2.0,0.0,6.5],"rotation":[0.0,0.0,0.0,-1.0]},"Npc1":{"position":[-53.6800003051758,0.0,-2.67000007629395],"rotation":[0.0,1.0,0.0,0.0]},"Npc2":{"position":[-56.7000007629395,0.0,17.2000007629395],"rotation":[0.0,0.980281054973602,0.0,0.197608396410942]},"Npc3":{"position":[-43.9000015258789,0.0,31.5],"rotation":[0.0,0.898302853107452,0.0,0.439377009868622]},"Npc4":{"position":[-46.0999984741211,0.0,51.0],"rotation":[0.0,0.898302853107452,0.0,0.439377009868622]},"Npc5":{"position":[-2.29999995231628,0.0,54.7999992370605],"rotation":[0.0,0.89382266998291,0.0,-0.448420733213425]},"Npc6":{"position":[6.59999990463257,0.0,32.0999984741211],"rotation":[0.0,0.89382266998291,0.0,-0.448420733213425]},"Npc7":{"position":[-5.09999990463257,0.0,14.8999996185303],"rotation":[0.0,0.997233629226685,0.0,0.0743318423628807]},"Chest1":{"position":[-39.060001373291,0.0,8.68000030517578],"rotation":[0.0,1.0,0.0,0.0]},"Chest2":{"position":[-62.2000007629395,0.0,44.0999984741211],"rotation":[0.0,1.0,0.0,0.0]},"Chest3":{"position":[9.5,0.0,61.5999984741211],"rotation":[0.0,1.0,0.0,0.0]},"Chest4":{"position":[12.1000003814697,0.0,28.2000007629395],"rotation":[0.0,1.0,0.0,0.0]}}