{"Born1":{"position":[13.1000003814697,0.0,-1.60000002384186],"rotation":[0.0,0.0,0.0,-1.0]},"Boss1":{"position":[80.5,0.0,60.4000015258789],"rotation":[0.0,0.989794075489044,0.0,0.142504930496216]},"Npc7":{"position":[87.8000030517578,0.0,18.1000003814697],"rotation":[0.0,0.649949967861176,0.0,-0.759976983070374]},"Npc6":{"position":[72.6999969482422,0.0,-1.29999995231628],"rotation":[0.0,0.89382266998291,0.0,-0.448420733213425]},"Npc5":{"position":[59.5999984741211,0.0,41.5],"rotation":[0.0,0.340109944343567,0.0,-0.940385758876801]},"Npc4":{"position":[36.0999984741211,0.0,43.2000007629395],"rotation":[0.0,0.912233233451843,0.0,-0.409671425819397]},"Npc3":{"position":[-1.29999995231628,0.0,40.0],"rotation":[0.0,1.0,0.0,0.0]},"Npc2":{"position":[13.3999996185303,0.0,25.0],"rotation":[0.0,0.872219085693359,0.0,-0.489115476608276]},"Npc1":{"position":[8.39999961853027,0.0,4.90000009536743],"rotation":[0.0,1.0,0.0,0.0]},"Picture1":{"position":[7.01000022888184,0.0,8.34000015258789],"rotation":[0.0,0.0,0.0,-1.0]},"Picture2":{"position":[5.30000019073486,0.0,13.1999998092651],"rotation":[0.0,0.0,0.0,-1.0]},"Picture3":{"position":[0.840003490447998,0.0,15.9700012207031],"rotation":[0.0,0.0,0.0,-1.0]},"Picture4":{"position":[0.24000358581543,0.0,18.3700008392334],"rotation":[0.0,0.0,0.0,-1.0]},"Picture5":{"position":[-0.859996795654297,0.0,16.6700000762939],"rotation":[0.0,0.0,0.0,-1.0]},"Picture6":{"position":[-8.3000020980835,0.0,41.3999977111816],"rotation":[0.0,0.0,0.0,-1.0]},"Picture7":{"position":[-7.19999980926514,0.0,42.3999977111816],"rotation":[0.0,0.0,0.0,-1.0]},"Picture8":{"position":[-9.80000019073486,0.0,40.0999984741211],"rotation":[0.0,0.0,0.0,-1.0]},"Picture9":{"position":[-6.99999713897705,0.0,38.0999984741211],"rotation":[0.0,0.0,0.0,-1.0]},"Picture10":{"position":[13.3299961090088,0.0,46.2199935913086],"rotation":[0.0,0.0,0.0,-1.0]},"Picture11":{"position":[14.7299976348877,0.0,48.8199920654297],"rotation":[0.0,0.0,0.0,-1.0]},"Picture12":{"position":[17.5700016021729,0.0,47.7499923706055],"rotation":[0.0,0.0,0.0,-1.0]},"Picture13":{"position":[33.5,0.0,44.9000015258789],"rotation":[0.0,0.0,0.0,-1.0]},"Picture14":{"position":[35.0,0.0,40.5000076293945],"rotation":[0.0,0.0,0.0,-1.0]},"Picture15":{"position":[42.2999992370605,0.0,52.7000007629395],"rotation":[0.0,0.0,0.0,-1.0]},"Picture16":{"position":[42.6199989318848,0.0,50.0499992370605],"rotation":[0.0,0.0,0.0,-1.0]},"Picture17":{"position":[58.0,0.0,35.7000007629395],"rotation":[0.0,0.0,0.0,-1.0]},"Picture18":{"position":[61.2899932861328,0.0,35.3999977111816],"rotation":[0.0,0.0,0.0,-1.0]},"Picture19":{"position":[59.0999908447266,0.0,32.1999969482422],"rotation":[0.0,0.0,0.0,-1.0]},"Picture20":{"position":[61.4000015258789,0.0,32.7999992370605],"rotation":[0.0,0.0,0.0,-1.0]},"Picture21":{"position":[65.3000030517578,0.0,-3.40000009536743],"rotation":[0.0,0.0,0.0,-1.0]},"Picture22":{"position":[64.4000091552734,0.0,-0.500005722045898],"rotation":[0.0,0.0,0.0,-1.0]},"Picture23":{"position":[67.6000061035156,0.0,-2.5000057220459],"rotation":[0.0,0.0,0.0,-1.0]},"Picture24":{"position":[67.760009765625,0.0,3.31999397277832],"rotation":[0.0,0.0,0.0,-1.0]},"Picture25":{"position":[66.5600051879883,0.0,1.11999702453613],"rotation":[0.0,0.0,0.0,-1.0]},"Picture26":{"position":[94.9700012207031,0.0,22.9400043487549],"rotation":[0.0,0.0,0.0,-1.0]},"Picture27":{"position":[93.3000030517578,0.0,18.1000003814697],"rotation":[0.0,0.0,0.0,-1.0]},"Picture28":{"position":[95.3000030517578,0.0,19.6000003814697],"rotation":[0.0,0.0,0.0,-1.0]},"Picture29":{"position":[87.0,0.0,39.4000015258789],"rotation":[0.0,0.0,0.0,-1.0]},"Picture30":{"position":[85.6699981689453,0.0,36.7200050354004],"rotation":[0.0,0.0,0.0,-1.0]},"Chest1":{"position":[-15.0,0.0,38.7999992370605],"rotation":[0.0,1.0,0.0,0.0]},"Chest2":{"position":[41.0999984741211,0.0,56.4000015258789],"rotation":[0.0,1.0,0.0,0.0]},"Chest3":{"position":[51.0,0.0,4.90000009536743],"rotation":[0.0,1.0,0.0,0.0]},"Chest4":{"position":[86.8000030517578,0.0,-6.09999990463257],"rotation":[0.0,1.0,0.0,0.0]},"Chest5":{"position":[88.1999969482422,0.0,33.4000015258789],"rotation":[0.0,1.0,0.0,0.0]}}